id,platform,version,category,generation,platform_family,region,release_date
158,Commodore CDTV,Initial version,computer,4,,north_america,1991-03-03
158,Commodore CDTV,Initial version,computer,4,,europe,1991-11-14
158,Commodore CDTV,Initial version,computer,4,,australia,1991-07-12
8,PlayStation 2,Initial version,console,6,PlayStation,japan,2000-03-04
8,PlayStation 2,Initial version,console,6,PlayStation,north_america,2000-10-26
8,PlayStation 2,Initial version,console,6,PlayStation,europe,2000-11-24
8,PlayStation 2,Initial version,console,6,PlayStation,australia,2000-11-30
8,PlayStation 2,Initial version,console,6,PlayStation,china,2003-12-20
8,PlayStation 2,Slimline,console,6,PlayStation,north_america,2004-10-29
39,iOS,Initial version,operating system,7,,worldwide,2007-06-29
94,Commodore Plus/4,Initial version,computer,,,,
88,Odyssey,Odyssey (US),console,1,,north_america,1972-05-01
88,Odyssey,Odyssey (Export),console,1,,europe,1974-01-01
88,Odyssey,Odyssey (German Export),console,1,,europe,1974-01-01
88,Odyssey,ITT Odyssee,console,1,,,
88,Odyssey,Odisea (Mexico Export),console,1,,worldwide,1972-01-01
88,Odyssey,Odissea (Italian Export),console,1,,worldwide,1975-01-01
6,PC (Microsoft Windows),Windows 7,operating system,6,,worldwide,2009-10-22
6,PC (Microsoft Windows),Windows XP,operating system,6,,worldwide,2001-10-25
6,PC (Microsoft Windows),Windows Vista,operating system,6,,worldwide,2007-01-30
6,PC (Microsoft Windows),Windows 8,operating system,6,,worldwide,2012-10-26
6,PC (Microsoft Windows),Windows 10,operating system,6,,worldwide,2015-07-29
44,Tapwave Zodiac,Zodiac 1,portable console,6,,north_america,2003-10-15
68,ColecoVision,Initial version,console,2,,north_america,1982-08-01
129,Texas Instruments TI-99,Texas Instruments TI-99/4,computer,2,,worldwide,1979-01-01
129,Texas Instruments TI-99,Texas Instruments TI-99/4A,computer,2,,worldwide,1981-06-01
133,Philips Videopac G7000,Initial version,computer,2,,europe,1978-12-01
133,Philips Videopac G7000,Initial version,computer,2,,north_america,1979-01-01
134,Acorn Electron,Initial version,computer,,,,
135,Hyper Neo Geo 64,Initial version,arcade,5,,worldwide,1997-09-10
156,Thomson MO5,Initial version,computer,3,,worldwide,1984-01-01
165,PlayStation VR,Initial version,,,,,
163,SteamVR,Initial version,,,,,
147,AY-3-8606,Initial version,console,,,,
149,PC-98,Initial version,computer,,,,
25,Amstrad CPC,Initial version,computer,,,,
51,Family Computer Disk System,Initial version,console,3,Nintendo,japan,1986-02-21
123,WonderSwan Color,Initial version,portable console,5,,,
136,Neo Geo CD,Initial version,console,4,,japan,1994-09-09
136,Neo Geo CD,Initial version,console,4,,north_america,1994-12-31
136,Neo Geo CD,Initial version,console,4,,europe,1995-10-31
35,Sega Game Gear,Initial version,portable console,4,Sega,japan,1990-10-06
35,Sega Game Gear,Initial version,portable console,4,Sega,north_america,1991-04-26
35,Sega Game Gear,Initial version,portable console,4,Sega,europe,1991-04-26
35,Sega Game Gear,Initial version,portable console,4,Sega,australia,1992-01-01
62,Atari Jaguar,Initial version,console,5,,north_america,1993-11-15
62,Atari Jaguar,Initial version,console,5,,japan,1993-11-21
62,Atari Jaguar,Initial version,console,5,,europe,1993-01-01
50,3DO Interactive Multiplayer,Initial version,console,5,,north_america,1993-10-04
50,3DO Interactive Multiplayer,Initial version,console,5,,japan,1994-03-20
50,3DO Interactive Multiplayer,Initial version,console,5,,europe,1994-01-01
13,PC DOS,Initial version,operating system,2,,worldwide,1981-08-15
128,PC Engine SuperGrafx,Initial version,console,4,,,
150,Turbografx-16/PC Engine CD,Initial version,computer,,,,
23,Dreamcast,Initial version,console,6,Sega,japan,1998-11-27
23,Dreamcast,Initial version,console,6,Sega,north_america,1999-09-09
23,Dreamcast,Initial version,console,6,Sega,europe,1999-10-14
23,Dreamcast,Initial version,console,6,Sega,australia,1999-11-30
65,Atari 8-bit,Atari 400,computer,,,,
65,Atari 8-bit,Atari 800,computer,,,,
70,Vectrex,Vectrex,console,2,,north_america,1982-11-01
70,Vectrex,Vectrex,console,2,,europe,1983-05-01
70,Vectrex,Vectrex,console,2,,japan,1983-06-01
85,Donner Model 30,Initial version,computer,,,,
97,PDP-8,Initial version,computer,,,,
115,Apple IIGS,Initial version,computer,,,,
127,Fairchild Channel F,Initial version,console,2,,north_america,1976-11-01
127,Fairchild Channel F,Initial version,console,2,,europe,1977-01-01
127,Fairchild Channel F,Saba Videoplay,console,2,,worldwide,1977-01-01
125,PC-8801,Initial version,computer,2,,worldwide,1981-11-01
87,Virtual Boy,Initial version,console,5,Nintendo,worldwide,1995-01-01
126,TRS-80,Initial version,computer,,,,
130,Nintendo Switch,Initial version,console,8,Nintendo,worldwide,2017-03-03
130,Nintendo Switch,Switch Lite,console,8,Nintendo,worldwide,2019-09-20
132,Amazon Fire TV,Initial version,platform,,,,
138,VC 4000,Interton VC 4000,console,2,,worldwide,1978-01-01
139,1292 Advanced Programmable Video System,Audiosonic PP-1292 Advanced Programmable Video System,console,2,,,
139,1292 Advanced Programmable Video System,Acetronic MPU-1000,console,2,,worldwide,1979-01-01
155,Tatung Einstein,Initial version,computer,,,,
159,Nintendo DSi,Initial version,portable console,7,Nintendo,japan,2008-11-01
159,Nintendo DSi,Initial version,portable console,7,Nintendo,australia,2009-04-02
159,Nintendo DSi,Initial version,portable console,7,Nintendo,new_zealand,2009-04-02
159,Nintendo DSi,Initial version,portable console,7,Nintendo,europe,2009-04-03
159,Nintendo DSi,Initial version,portable console,7,Nintendo,north_america,2009-04-05
159,Nintendo DSi,Nintendo DSi XL,portable console,7,Nintendo,japan,2009-11-21
159,Nintendo DSi,Nintendo DSi XL,portable console,7,Nintendo,europe,2010-03-05
159,Nintendo DSi,Nintendo DSi XL,portable console,7,Nintendo,north_america,2010-03-28
159,Nintendo DSi,Nintendo DSi XL,portable console,7,Nintendo,australia,2010-04-15
153,Dragon 32/64,Initial version,computer,,,,
154,Amstrad PCW,Initial version,computer,3,,worldwide,1985-09-01
11,Xbox,Initial version,console,6,Xbox,north_america,2001-11-15
11,Xbox,Initial version,console,6,Xbox,japan,2002-02-22
11,Xbox,Initial version,console,6,Xbox,europe,2002-02-14
108,PDP-11,Initial version,computer,,,,
53,MSX2,Initial version,computer,3,,worldwide,1983-01-01
60,Atari 7800,Initial version,console,3,,north_america,1984-06-14
78,Sega CD,Initial version,console,4,Sega,japan,1991-12-01
78,Sega CD,Initial version,console,4,Sega,north_america,1992-10-15
78,Sega CD,Initial version,console,4,Sega,europe,1993-04-19
78,Sega CD,Initial version,console,4,Sega,australia,1993-04-19
78,Sega CD,Initial version,console,4,Sega,new_zealand,1993-04-19
24,Game Boy Advance,Initial version,portable console,6,Nintendo,japan,2001-03-21
24,Game Boy Advance,Initial version,portable console,6,Nintendo,north_america,2001-06-11
24,Game Boy Advance,Initial version,portable console,6,Nintendo,europe,2001-06-22
24,Game Boy Advance,Initial version,portable console,6,Nintendo,china,2004-06-08
24,Game Boy Advance,Game Boy Advance SP,portable console,6,Nintendo,,
24,Game Boy Advance,Game Boy Micro,portable console,6,Nintendo,,
30,Sega 32X,Initial version,console,4,Sega,north_america,1994-11-21
30,Sega 32X,Initial version,console,4,Sega,japan,1994-12-03
30,Sega 32X,Initial version,console,4,Sega,europe,1995-01-01
4,Nintendo 64,Initial version,console,5,Nintendo,japan,1996-06-23
4,Nintendo 64,Initial version,console,5,Nintendo,north_america,1996-09-29
4,Nintendo 64,Initial version,console,5,Nintendo,australia,1997-03-01
4,Nintendo 64,Initial version,console,5,Nintendo,europe,1997-03-01
4,Nintendo 64,iQue Player,console,5,Nintendo,worldwide,2003-11-17
18,Nintendo Entertainment System (NES),Initial version,console,3,Nintendo,north_america,1985-10-18
18,Nintendo Entertainment System (NES),Initial version,console,3,Nintendo,worldwide,1985-08-18
18,Nintendo Entertainment System (NES),Initial version,console,3,Nintendo,japan,1983-07-15
18,Nintendo Entertainment System (NES),Initial version,console,3,Nintendo,australia,1987-01-01
18,Nintendo Entertainment System (NES),Initial version,console,3,Nintendo,europe,1987-01-01
18,Nintendo Entertainment System (NES),Classic Edition,console,3,Nintendo,australia,2016-11-10
18,Nintendo Entertainment System (NES),Classic Edition,console,3,Nintendo,north_america,2016-11-11
18,Nintendo Entertainment System (NES),Classic Edition,console,3,Nintendo,europe,2016-11-11
16,Amiga,Amiga A 500,computer,4,,worldwide,1987-10-01
16,Amiga,Amiga A 600,computer,4,,worldwide,1992-03-01
16,Amiga,Amiga A 1000,computer,4,,,
16,Amiga,Amiga A 2000,computer,4,,,
16,Amiga,Amiga A 3000,computer,4,,,
16,Amiga,Amiga A 3000T,computer,4,,,
120,Neo Geo Pocket Color,Initial version,portable console,5,,japan,1999-03-16
120,Neo Geo Pocket Color,Initial version,portable console,5,,north_america,1999-08-06
120,Neo Geo Pocket Color,Initial version,portable console,5,,europe,1999-10-01
41,Wii U,Initial version,console,8,Nintendo,north_america,2012-11-18
41,Wii U,Initial version,console,8,Nintendo,europe,2012-11-30
41,Wii U,Initial version,console,8,Nintendo,japan,2012-12-28
77,Sharp X1,Initial version,computer,,,,
82,Web browser,SG-1000,platform,,,,
109,CDC Cyber 70,Initial version,computer,,,,
113,OnLive Game System,Initial version,platform,7,,north_america,2010-06-17
116,Acorn Archimedes,Initial version,computer,4,,worldwide,1987-01-01
116,Acorn Archimedes,Initial version,computer,4,,europe,1987-06-01
114,Amiga CD32,Initial version,console,5,,europe,1993-09-15
117,Philips CD-i,Initial version,console,4,,north_america,1991-12-03
117,Philips CD-i,Initial version,console,4,,europe,1992-01-01
121,Sharp X68000,Initial version,computer,4,,japan,1987-03-01
122,Nuon,Initial version,console,6,,north_america,2000-01-01
37,Nintendo 3DS,Initial version,portable console,8,Nintendo,japan,2011-02-26
37,Nintendo 3DS,Initial version,portable console,8,Nintendo,worldwide,2011-03-01
29,Sega Mega Drive/Genesis,Initial version,console,4,Sega,japan,1988-10-29
29,Sega Mega Drive/Genesis,Initial version,console,4,Sega,north_america,1989-08-14
29,Sega Mega Drive/Genesis,Initial version,console,4,Sega,europe,1990-11-30
64,Sega Master System,Initial version,console,3,Sega,japan,1987-10-01
64,Sega Master System,Initial version,console,3,Sega,north_america,1986-09-01
64,Sega Master System,Initial version,console,3,Sega,europe,1987-01-01
22,Game Boy Color,Initial version,portable console,5,Nintendo,japan,1998-10-21
22,Game Boy Color,Initial version,portable console,5,Nintendo,north_america,1998-11-18
22,Game Boy Color,Initial version,portable console,5,Nintendo,europe,1998-11-23
22,Game Boy Color,Initial version,portable console,5,Nintendo,australia,1998-11-27
38,PlayStation Portable,PSP-1000,portable console,7,PlayStation,japan,2004-12-12
38,PlayStation Portable,PSP-1000,portable console,7,PlayStation,north_america,2005-03-24
38,PlayStation Portable,PSP-1000,portable console,7,PlayStation,europe,2005-09-01
38,PlayStation Portable,PSP-1000,portable console,7,PlayStation,asia,2005-09-01
38,PlayStation Portable,PSP-1000,portable console,7,PlayStation,australia,2005-09-01
38,PlayStation Portable,PlayStation Portable Slim & Lite,portable console,7,PlayStation,north_america,2007-09-06
38,PlayStation Portable,PlayStation Portable Slim & Lite,portable console,7,PlayStation,europe,2007-09-05
38,PlayStation Portable,PlayStation Portable Slim & Lite,portable console,7,PlayStation,australia,2007-09-12
38,PlayStation Portable,PlayStation Portable Slim & Lite,portable console,7,PlayStation,asia,2007-08-30
38,PlayStation Portable,PlayStation Portable Brite,portable console,7,PlayStation,north_america,2008-10-14
38,PlayStation Portable,PlayStation Portable Brite,portable console,7,PlayStation,europe,2008-10-17
38,PlayStation Portable,PlayStation Portable Brite,portable console,7,PlayStation,australia,2008-10-23
38,PlayStation Portable,PlayStation Portable Brite,portable console,7,PlayStation,japan,2008-10-16
38,PlayStation Portable,PlayStation Portable Go,portable console,7,PlayStation,north_america,2009-10-01
38,PlayStation Portable,PlayStation Portable Go,portable console,7,PlayStation,europe,2009-10-01
38,PlayStation Portable,PlayStation Portable Go,portable console,7,PlayStation,japan,2009-11-01
38,PlayStation Portable,PlayStation Portable Street,portable console,7,PlayStation,europe,2011-10-26
38,PlayStation Portable,PlayStation Portable Street,portable console,7,PlayStation,australia,2011-10-26
38,PlayStation Portable,PlayStation Portable Street,portable console,7,PlayStation,new_zealand,2011-10-26
38,PlayStation Portable,PlayStation Portable Street,portable console,7,PlayStation,asia,2011-10-26
86,TurboGrafx-16/PC Engine,Initial version,console,4,,japan,1987-10-30
86,TurboGrafx-16/PC Engine,Initial version,console,4,,north_america,1989-08-29
86,TurboGrafx-16/PC Engine,Initial version,console,4,,europe,1990-01-01
19,Super Nintendo Entertainment System (SNES),Super Nintendo (original North American version),console,4,Nintendo,japan,1990-11-21
19,Super Nintendo Entertainment System (SNES),Super Nintendo (original North American version),console,4,Nintendo,north_america,1991-08-23
19,Super Nintendo Entertainment System (SNES),Super Nintendo (original North American version),console,4,Nintendo,europe,1992-07-06
19,Super Nintendo Entertainment System (SNES),Super Nintendo (original North American version),console,4,Nintendo,australia,1992-07-03
19,Super Nintendo Entertainment System (SNES),Super Nintendo (original European version),console,4,Nintendo,,
19,Super Nintendo Entertainment System (SNES),Super Nintendo (Model SNS-101),console,4,Nintendo,north_america,1997-10-20
19,Super Nintendo Entertainment System (SNES),Super Famicom (SHVC-001),console,4,Nintendo,japan,1990-11-21
19,Super Nintendo Entertainment System (SNES),Super Famicom Jr. (Model SHVC-101),console,4,Nintendo,japan,1998-03-27
19,Super Nintendo Entertainment System (SNES),Super NES Classic Edition,console,4,Nintendo,north_america,2017-09-29
19,Super Nintendo Entertainment System (SNES),Super NES Classic Edition,console,4,Nintendo,europe,2017-09-29
19,Super Nintendo Entertainment System (SNES),Super NES Classic Edition,console,4,Nintendo,australia,2017-09-30
19,Super Nintendo Entertainment System (SNES),Super NES Classic Edition,console,4,Nintendo,japan,2017-10-05
162,Oculus VR,Initial version,,,,,
21,Nintendo GameCube,Initial version,console,6,Nintendo,japan,2001-09-14
21,Nintendo GameCube,Initial version,console,6,Nintendo,north_america,2001-11-18
21,Nintendo GameCube,Initial version,console,6,Nintendo,australia,2002-05-17
21,Nintendo GameCube,Initial version,console,6,Nintendo,europe,2002-05-03
21,Nintendo GameCube,DOL-101,console,6,Nintendo,,
21,Nintendo GameCube,Panasonic Q,console,6,Nintendo,japan,2001-12-13
9,PlayStation 3,Playstation 3 Original,console,7,PlayStation,japan,2006-11-01
9,PlayStation 3,Playstation 3 Original,console,7,PlayStation,europe,2006-03-16
9,PlayStation 3,Playstation 3 Original,console,7,PlayStation,australia,2006-03-23
9,PlayStation 3,Playstation 3 Slim,console,7,PlayStation,north_america,2009-09-01
9,PlayStation 3,Playstation 3 Slim,console,7,PlayStation,europe,2009-09-01
9,PlayStation 3,Playstation 3 Slim,console,7,PlayStation,japan,2009-09-03
9,PlayStation 3,Playstation 3 Super Slim,console,7,PlayStation,japan,2012-10-04
9,PlayStation 3,Playstation 3 Super Slim,console,7,PlayStation,north_america,2012-09-25
9,PlayStation 3,Playstation 3 Super Slim,console,7,PlayStation,europe,2012-09-28
9,PlayStation 3,Playstation 3 Super Slim,console,7,PlayStation,australia,2012-09-27
14,Mac,Cheetah,operating system,6,,worldwide,2001-03-24
14,Mac,Puma,operating system,6,,worldwide,2001-09-25
14,Mac,Jaguar,operating system,6,,europe,2002-08-23
14,Mac,Panther,operating system,6,,worldwide,2003-10-24
14,Mac,Tiger,operating system,6,,worldwide,2005-04-29
14,Mac,Leopard,operating system,6,,worldwide,2007-10-26
14,Mac,Snow Leopard,operating system,6,,worldwide,2009-08-28
14,Mac,Lion,operating system,6,,worldwide,2011-07-20
14,Mac,Mountain Lion,operating system,6,,worldwide,2012-07-25
14,Mac,Mavericks,operating system,6,,worldwide,2013-10-22
14,Mac,Yosemite,operating system,6,,worldwide,2014-10-16
14,Mac,El Capitan,operating system,6,,worldwide,2015-01-01
306,Satellaview,Initial version,console,4,Nintendo,,
32,Sega Saturn,Initial version,console,5,Sega,japan,1994-11-22
32,Sega Saturn,Initial version,console,5,Sega,north_america,1995-05-11
32,Sega Saturn,Initial version,console,5,Sega,europe,1995-07-08
34,Android,Froyo 2.2,operating system,7,,worldwide,2010-05-20
34,Android,Gingerbread 2.3.3,operating system,7,,worldwide,2011-02-09
34,Android,Honeycomb 3.2,operating system,7,,worldwide,2011-07-15
34,Android,Ice Cream Sandwich,operating system,7,,worldwide,2011-12-16
34,Android,Jelly Bean 4.1.x-4.3.x,operating system,7,,worldwide,2012-07-09
34,Android,KitKat,operating system,7,,worldwide,2013-10-31
34,Android,Lollipop,operating system,7,,worldwide,2014-11-12
34,Android,Marshmallow,operating system,7,,worldwide,2015-02-05
34,Android,Nougat,operating system,7,,worldwide,2016-08-22
34,Android,Oreo,operating system,7,,worldwide,2018-08-21
34,Android,Pie,operating system,7,,worldwide,2018-08-06
42,N-Gage,Nokia N-Gage Classic,portable console,6,,worldwide,2003-10-07
42,N-Gage,N-Gage QD,portable console,6,,worldwide,2004-05-26
66,Atari 5200,Initial version,console,2,,north_america,1984-05-24
67,Intellivision,Initial version,console,2,,north_america,1980-01-01
67,Intellivision,Initial version,console,2,,japan,1982-01-01
67,Intellivision,Initial version,console,2,,europe,1982-01-01
73,BlackBerry OS,Initial version,operating system,6,,worldwide,1999-01-15
307,Game & Watch,Initial version,portable console,2,Nintendo,worldwide,1980-04-28
118,FM Towns,Initial version,computer,4,,japan,1989-02-28
157,NEC PC-6000 Series,Initial version,computer,,,,
15,Commodore C64/128,Initial version,computer,2,,worldwide,1982-08-01
15,Commodore C64/128,Initial version,computer,2,,worldwide,1985-01-01
152,FM-7,Initial version,computer,2,,worldwide,1982-11-01
20,Nintendo DS,Initial version,portable console,7,Nintendo,north_america,2004-11-21
20,Nintendo DS,Initial version,portable console,7,Nintendo,japan,2004-12-02
20,Nintendo DS,Initial version,portable console,7,Nintendo,australia,2005-02-24
20,Nintendo DS,Initial version,portable console,7,Nintendo,europe,2005-03-11
20,Nintendo DS,Nintendo DS Lite,portable console,7,Nintendo,japan,2006-03-02
20,Nintendo DS,Nintendo DS Lite,portable console,7,Nintendo,australia,2006-06-01
20,Nintendo DS,Nintendo DS Lite,portable console,7,Nintendo,north_america,2006-06-11
20,Nintendo DS,Nintendo DS Lite,portable console,7,Nintendo,europe,2006-06-23
20,Nintendo DS,Nintendo DSi,portable console,7,Nintendo,japan,2008-11-01
20,Nintendo DS,Nintendo DSi,portable console,7,Nintendo,australia,2009-04-02
20,Nintendo DS,Nintendo DSi,portable console,7,Nintendo,new_zealand,2009-04-02
20,Nintendo DS,Nintendo DSi,portable console,7,Nintendo,europe,2009-04-03
20,Nintendo DS,Nintendo DSi,portable console,7,Nintendo,north_america,2009-04-05
20,Nintendo DS,Nintendo DSi XL,portable console,7,Nintendo,japan,2009-11-21
20,Nintendo DS,Nintendo DSi XL,portable console,7,Nintendo,europe,2010-03-05
20,Nintendo DS,Nintendo DSi XL,portable console,7,Nintendo,north_america,2010-03-28
20,Nintendo DS,Nintendo DSi XL,portable console,7,Nintendo,australia,2010-04-15
63,Atari ST/STE,Initial version,computer,3,,worldwide,1985-06-01
46,PlayStation Vita,PlayStation Vita,portable console,8,PlayStation,japan,2011-12-17
46,PlayStation Vita,PlayStation Vita,portable console,8,PlayStation,europe,2012-02-22
46,PlayStation Vita,PlayStation Vita,portable console,8,PlayStation,north_america,2012-02-15
46,PlayStation Vita,PlayStation Vita,portable console,8,PlayStation,australia,2012-02-23
46,PlayStation Vita,PlayStation Vita,portable console,8,PlayStation,china,2015-03-20
46,PlayStation Vita,PlayStation Vita (PCH-2000),portable console,8,PlayStation,north_america,2014-05-06
46,PlayStation Vita,PlayStation Vita (PCH-2000),portable console,8,PlayStation,europe,2014-02-07
46,PlayStation Vita,PlayStation Vita (PCH-2000),portable console,8,PlayStation,japan,2013-10-10
46,PlayStation Vita,PlayStation TV,portable console,8,PlayStation,north_america,2014-10-14
46,PlayStation Vita,PlayStation TV,portable console,8,PlayStation,europe,2014-11-14
46,PlayStation Vita,PlayStation TV,portable console,8,PlayStation,australia,2014-11-14
46,PlayStation Vita,PlayStation TV,portable console,8,PlayStation,japan,2013-11-14
46,PlayStation Vita,PlayStation TV,portable console,8,PlayStation,asia,2014-01-16
48,PlayStation 4,Initial version,console,8,PlayStation,north_america,2013-11-15
48,PlayStation 4,Initial version,console,8,PlayStation,europe,2013-11-29
48,PlayStation 4,Initial version,console,8,PlayStation,australia,2013-11-29
48,PlayStation 4,Initial version,console,8,PlayStation,new_zealand,2013-11-29
48,PlayStation 4,PlayStation 4 Slim,console,8,PlayStation,worldwide,2016-09-15
48,PlayStation 4,PlayStation 4 Pro,console,8,PlayStation,worldwide,2016-11-10
61,Atari Lynx,Initial version,portable console,4,,worldwide,1989-10-11
61,Atari Lynx,Atari Lynx MkII,portable console,4,,worldwide,1991-01-01
93,Commodore 16,Initial version,computer,3,,worldwide,1984-01-01
374,Sharp MZ-2200,Initial version,computer,,,,
58,Super Famicom,Original version,console,4,Nintendo,,
58,Super Famicom,Super Famicom Jr.,console,4,Nintendo,,
388,Gear VR,Initial version,console,,,,
52,Arcade,Initial version,,,,,
137,New Nintendo 3DS,Initial version,portable console,8,Nintendo,japan,2014-10-11
137,New Nintendo 3DS,Initial version,portable console,8,Nintendo,australia,2014-11-21
386,Oculus Quest 2,Initial version,console,,,,
55,Legacy Cellphone,Initial version,,,,,
57,WonderSwan,Initial version,portable console,5,,japan,1999-03-04
57,WonderSwan,WonderSwan Color,portable console,5,,japan,2000-12-09
57,WonderSwan,SwanCrystal,portable console,5,,japan,2002-07-12
71,Commodore VIC-20,Initial version,computer,,,,
75,Apple II,Initial version,computer,2,,north_america,1977-06-10
75,Apple II,Initial version,computer,2,,europe,1978-01-01
75,Apple II,Initial version,computer,2,,japan,1978-01-01
74,Windows Phone,Windows Phone 7,operating system,7,,north_america,2010-11-08
74,Windows Phone,Windows Phone 7,operating system,7,,europe,2010-10-21
74,Windows Phone,Windows Phone 7,operating system,7,,worldwide,2010-10-21
74,Windows Phone,Windows Phone 8,operating system,7,,worldwide,2012-10-29
74,Windows Phone,Windows Phone 8.1,operating system,7,,worldwide,2014-08-04
74,Windows Phone,Windows 10 Mobile,operating system,7,,worldwide,2016-03-16
80,Neo Geo AES,Initial version,console,4,,japan,1990-01-01
80,Neo Geo AES,Initial version,console,4,,north_america,1991-07-01
80,Neo Geo AES,Initial version,console,4,,europe,1991-01-01
84,SG-1000,SG-1000,console,3,Sega,japan,1983-07-15
84,SG-1000,SG-1000 II,console,3,Sega,,
161,Windows Mixed Reality,Initial version,,,,,
79,Neo Geo MVS,Initial version,arcade,4,,japan,1990-04-26
79,Neo Geo MVS,Initial version,arcade,4,,north_america,1991-08-22
79,Neo Geo MVS,Initial version,arcade,4,,europe,1991-01-01
33,Game Boy,Initial version,portable console,4,Nintendo,japan,1989-04-21
33,Game Boy,Initial version,portable console,4,Nintendo,north_america,1989-07-31
33,Game Boy,Initial version,portable console,4,Nintendo,europe,1990-09-28
33,Game Boy,Game Boy Pocket,portable console,4,Nintendo,japan,1996-07-21
33,Game Boy,Game Boy Pocket,portable console,4,Nintendo,north_america,1996-09-03
33,Game Boy,Game Boy Light,portable console,4,Nintendo,japan,1998-04-14
5,Wii,Initial version,console,7,Nintendo,japan,2006-12-02
5,Wii,Initial version,console,7,Nintendo,north_america,2006-11-19
5,Wii,Initial version,console,7,Nintendo,europe,2006-12-08
5,Wii,Initial version,console,7,Nintendo,australia,2006-02-07
5,Wii,Wii mini,console,7,Nintendo,north_america,2012-12-07
5,Wii,Wii mini,console,7,Nintendo,north_america,2013-11-17
5,Wii,Wii mini,console,7,Nintendo,europe,2013-03-22
379,Game.com,Initial version,portable console,4,,north_america,1997-09-01
170,Google Stadia,Google Stadia: Founder's Edition,platform,8,,worldwide,2019-11-19
167,PlayStation 5,Initial version,console,9,PlayStation,north_america,2020-11-12
167,PlayStation 5,Initial version,console,9,PlayStation,europe,2020-11-19
385,Oculus Rift,Initial version,console,,,,
91,Bally Astrocade,Initial version,console,2,,,
384,Oculus Quest,Initial version,console,,,,
69,BBC Microcomputer System,Initial version,computer,,,,
3,Linux,Initial version,operating system,4,Linux,worldwide,1991-01-01
72,Ouya,Initial version,console,8,,worldwide,2013-06-25
151,TRS-80 Color Computer,Initial version,computer,2,,worldwide,1980-09-01
104,HP 2100,Initial version,computer,,,,
238,DVD Player,DVD,console,5,,japan,1996-11-01
238,DVD Player,DVD,console,5,,asia,1997-01-01
238,DVD Player,DVD,console,5,,north_america,1997-03-24
238,DVD Player,DVD,console,5,,europe,1998-03-01
238,DVD Player,DVD,console,5,,australia,1999-02-01
106,SDS Sigma 7,Initial version,computer,,,,
164,Daydream,Initial version,,,,,
240,Zeebo,Initial version,console,7,,worldwide,2009-05-25
240,Zeebo,Initial version,console,7,,worldwide,2009-11-04
239,Blu-ray Player,Blu-ray Disc,console,7,,worldwide,2006-06-20
26,ZX Spectrum,ZX Spectrum,computer,2,,worldwide,1982-01-01
27,MSX,Initial version,computer,3,,japan,1983-06-16
309,Evercade,Initial version,portable console,8,,europe,2020-05-22
59,Atari 2600,Initial version,console,2,,north_america,1977-09-11
59,Atari 2600,Initial version,console,2,,europe,1978-01-01
59,Atari 2600,Initial version,console,2,,japan,1983-10-01
372,OOParts,Initial version,platform,9,,japan,2020-04-24
373,Sinclair ZX81,Initial version,computer,2,,worldwide,1981-03-05
203,DUPLICATE Stadia,Initial version,,,,,
203,DUPLICATE Stadia,Stadia,,,,,
169,Xbox Series X|S,Xbox Series X,console,9,Xbox,worldwide,2020-12-01
169,Xbox Series X|S,Xbox Series S,console,9,Xbox,,
12,Xbox 360,Xbox 360 Elite,console,7,Xbox,,
12,Xbox 360,Xbox 360 Arcade,console,7,Xbox,north_america,2007-10-23
12,Xbox 360,Xbox 360 Original,console,7,Xbox,north_america,2005-11-22
12,Xbox 360,Xbox 360 Original,console,7,Xbox,europe,2005-12-02
12,Xbox 360,Xbox 360 Original,console,7,Xbox,japan,2005-12-10
12,Xbox 360,Xbox 360 S,console,7,Xbox,north_america,2010-06-19
49,Xbox One,Initial version,console,8,Xbox,worldwide,2013-11-22
49,Xbox One,Xbox One S,console,8,Xbox,worldwide,2016-08-02
49,Xbox One,Xbox One X,console,8,Xbox,worldwide,2017-11-07
49,Xbox One,Xbox One S All-Digital,console,8,Xbox,worldwide,2019-05-07
7,PlayStation,PlayStation 1,console,5,PlayStation,japan,1994-12-03
7,PlayStation,PlayStation 1,console,5,PlayStation,north_america,1995-09-09
7,PlayStation,PlayStation 1,console,5,PlayStation,europe,1995-09-29
7,PlayStation,PlayStation 1,console,5,PlayStation,australia,1995-11-15
99,Family Computer,Initial version,console,3,Nintendo,,
